Database,Table Name
securelufacom,Dim_Date
securelufacom,XParams
securelufacom,ZZZ_fix_bb_20250124
securelufacom,ZZZ_issue_juice_gift
securelufacom,ZZZ_issue_juice_gift_to_contact
securelufacom,ZZZ_reactivated_from_waitlist
securelufacom,ZZZ_remaining_buffer
securelufacom,ZZZ_tour
securelufacom,ab_absence_details
securelufacom,ab_absence_documents
securelufacom,ab_absence_requests
securelufacom,ab_absence_types
securelufacom,ab_hour_types
securelufacom,action_log
securelufacom,activate_newsletter_pop_up
securelufacom,active_record_logs
securelufacom,additional_lots_found
securelufacom,ai_alternatives
securelufacom,ai_ingredients
securelufacom,ai_recipes
securelufacom,annie_exemptions
securelufacom,api_log
securelufacom,app_version
securelufacom,application_error_logs
securelufacom,asset
securelufacom,asset_activity
securelufacom,asset_location
securelufacom,asset_order
securelufacom,asset_transactions
securelufacom,asset_type
securelufacom,authassignment
securelufacom,authitem
securelufacom,authitemchild
securelufacom,average_price_unit_conversions
securelufacom,average_price_units
securelufacom,banner_action_logs
securelufacom,basket_apology_users
securelufacom,basket_builder_logs
securelufacom,basket_design_product_availability
securelufacom,basket_designer_locks
securelufacom,basket_designs
securelufacom,baskets
securelufacom,basketsLang
securelufacom,blog
securelufacom,blogLang
securelufacom,blog_category
securelufacom,blog_categoryLang
securelufacom,blog_productsubcategory_rl
securelufacom,blog_rating
securelufacom,blog_supplier_rl
securelufacom,bonus_comments
securelufacom,bonus_logging
securelufacom,bonus_multipliers
securelufacom,bonus_reasons
securelufacom,bonus_rollover
securelufacom,bundle_details_temp
securelufacom,bundle_logs_temp
securelufacom,cancelation
securelufacom,cancelation_flow_action_logs
securelufacom,cancelation_reasons
securelufacom,cancelation_reasons_lang
securelufacom,cancelation_responses
securelufacom,capacity_types
securelufacom,careers
securelufacom,careersLang
securelufacom,cart
securelufacom,cart_activity
securelufacom,cart_asset_associations
securelufacom,cart_parking_location
securelufacom,cart_parking_location_activity
securelufacom,certifications
securelufacom,chargeback_log
securelufacom,cities
securelufacom,cleaning_task_item
securelufacom,cleaning_task_item_logs
securelufacom,cleaning_tasks
securelufacom,cleaning_violation
securelufacom,cleaning_violation_type
securelufacom,cleaning_workstation_colours
securelufacom,clock_io
securelufacom,cold_chain_actions
securelufacom,communication_messages
securelufacom,communication_messagesLang
securelufacom,community_bee_member_count
securelufacom,community_bee_welcome_messages
securelufacom,community_bee_welcome_messages_lang
securelufacom,community_event_email_templates
securelufacom,community_event_sub_types
securelufacom,community_events
securelufacom,community_events_attachments
securelufacom,community_events_availability
securelufacom,community_events_contacts_tags
securelufacom,community_events_email_logs
securelufacom,community_events_faq
securelufacom,community_events_guests
securelufacom,community_events_lang
securelufacom,community_events_media
securelufacom,community_events_testimonials
securelufacom,community_events_waitlist
securelufacom,community_institution_contacts
securelufacom,community_institution_scheduled_contacts
securelufacom,community_institutions
securelufacom,community_messages
securelufacom,community_pool_campaigns
securelufacom,community_pool_status
securelufacom,community_representative_group
securelufacom,community_representative_group_details
securelufacom,community_representative_group_orders_shipped_logs
securelufacom,community_representative_group_subs_logs
securelufacom,companies
securelufacom,companiesLang
securelufacom,company_notes
securelufacom,company_projects
securelufacom,company_resources
securelufacom,compilation_of_recent_orders_per_user
securelufacom,config
securelufacom,contract
securelufacom,countries
securelufacom,coupon_receivers
securelufacom,coupons
securelufacom,coupons_droppoints
securelufacom,credit_card_popup
securelufacom,crops
securelufacom,custom_base_basket_user_products_list
securelufacom,custom_message_to_display_on_checkout
securelufacom,custom_rule
securelufacom,custom_violation_rates
securelufacom,custom_violation_rule
securelufacom,customization_log
securelufacom,cycle_count_history
securelufacom,daily_vehicle_capacity
securelufacom,daily_vehicle_setting
securelufacom,daily_vehicle_skill
securelufacom,daily_vehicle_time_window
securelufacom,data_for_daily_sales_forecaster
securelufacom,department_approver_levels
securelufacom,department_approvers
securelufacom,department_shifts
securelufacom,department_shifts_days
securelufacom,department_shifts_lang
securelufacom,department_teams
securelufacom,departments
securelufacom,deployment_logs
securelufacom,device_usage
securelufacom,dg_participant_action_log
securelufacom,direct_giving_feedback
securelufacom,disabled_subcategories
securelufacom,discount_log
securelufacom,discount_log2
securelufacom,discount_log2_new
securelufacom,discount_log_new
securelufacom,distanceCalculation
securelufacom,districts
securelufacom,driver_bonus_contract
securelufacom,driver_break
securelufacom,driver_notes
securelufacom,driver_processed_bonus
securelufacom,driver_zipcode_ranking
securelufacom,drop_instance
securelufacom,drop_instance_empty_pickups
securelufacom,drop_instance_type
securelufacom,drop_instances_marketplaces_capacity
securelufacom,dropinstance_transfer
securelufacom,dropinstance_transfer_users
securelufacom,droppoint_applications
securelufacom,droppoint_group
securelufacom,droppoint_groupLang
securelufacom,droppoint_zipcode_region
securelufacom,droppoints
securelufacom,droppointsLang
securelufacom,droppoints_categories_exclusion
securelufacom,droppoints_coordinators
securelufacom,droppoints_subcategories_exclusion
securelufacom,dry_ice_schedule
securelufacom,dynamic_pricing_logs
securelufacom,editor_content
securelufacom,eh_employee_highlight_logs
securelufacom,eh_employee_mood_responses
securelufacom,eh_employee_pinned_tools
securelufacom,eh_highlight_channels
securelufacom,eh_highlights
securelufacom,eh_monthly_questions
securelufacom,eh_monthly_servey_answers
securelufacom,eh_question_channels
securelufacom,email_campaigns
securelufacom,email_clicks
securelufacom,email_keywords
securelufacom,email_products
securelufacom,email_recipients
securelufacom,email_reminders
securelufacom,email_reply_template
securelufacom,email_reply_templateLang
securelufacom,email_schedule
securelufacom,email_sender
securelufacom,email_senderLang
securelufacom,email_stats
securelufacom,email_template
securelufacom,email_templateLang
securelufacom,email_template_associations
securelufacom,email_template_auth
securelufacom,employee_daily_stats
securelufacom,employee_daily_stats_types
securelufacom,employee_handling_instructions_association
securelufacom,employee_notes
securelufacom,employee_training
securelufacom,employee_warnings
securelufacom,euf_action_log
securelufacom,euf_exclude_transactions
securelufacom,events
securelufacom,external_job_websites
securelufacom,face_encodings
securelufacom,family_featured_texts
securelufacom,family_featured_texts_lang
securelufacom,faq
securelufacom,faqLang
securelufacom,faq_category
securelufacom,faq_categoryLang
securelufacom,favorites
securelufacom,forecasting_human_factor
securelufacom,form_timer_log
securelufacom,fraud_scoring_log
securelufacom,fraud_scoring_whitelist
securelufacom,fraudulent_reasons
securelufacom,gh_crop
securelufacom,gh_crop_variety
securelufacom,global_stats
securelufacom,group_vacation_communities
securelufacom,group_vacation_setting
securelufacom,hr_applicant_archive_infos
securelufacom,hr_applicant_emergency_infos
securelufacom,hr_applicant_favourites
securelufacom,hr_applicant_infos
securelufacom,hr_applicant_linked_profiles
securelufacom,hr_applicant_reactivates
securelufacom,hr_applicant_steps
securelufacom,hr_applicant_timelines
securelufacom,hr_department_images
securelufacom,hr_direct_report_role
securelufacom,hr_document_access_code
securelufacom,hr_document_settings
securelufacom,hr_document_types
securelufacom,hr_documents
securelufacom,hr_email_flows
securelufacom,hr_email_receivers
securelufacom,hr_email_templates
securelufacom,hr_employee_blacklists
securelufacom,hr_employee_contacts
securelufacom,hr_employee_coupon
securelufacom,hr_employee_documents
securelufacom,hr_employee_emergency_infos
securelufacom,hr_employee_infos
securelufacom,hr_employee_referrals
securelufacom,hr_employee_status_infos
securelufacom,hr_employee_training
securelufacom,hr_event_attachments
securelufacom,hr_event_checklists
securelufacom,hr_event_dates
securelufacom,hr_event_guests
securelufacom,hr_event_organisers
securelufacom,hr_event_recurring_settings
securelufacom,hr_event_series
securelufacom,hr_event_settings
securelufacom,hr_events
securelufacom,hr_form_answers
securelufacom,hr_form_question_options
securelufacom,hr_form_question_sections
securelufacom,hr_form_question_types
securelufacom,hr_form_questions
securelufacom,hr_form_setting_maps
securelufacom,hr_form_settings
securelufacom,hr_forms
securelufacom,hr_hiring_colaborators
securelufacom,hr_hiring_leads
securelufacom,hr_hiring_onboarding_settings
securelufacom,hr_hiring_process
securelufacom,hr_hiring_process_step_documents
securelufacom,hr_hiring_process_steps
securelufacom,hr_hiring_requests
securelufacom,hr_hiring_settings
securelufacom,hr_hiring_steps
securelufacom,hr_job_postings
securelufacom,hr_job_roles
securelufacom,hr_leads
securelufacom,hr_marketing_reviews
securelufacom,hr_offer_letter
securelufacom,hr_past_versions
securelufacom,hr_referral_settings
securelufacom,hr_request_details
securelufacom,hr_request_reject_reasons
securelufacom,hr_series_attachments
securelufacom,hr_series_organisers
securelufacom,hr_setting_archive_options
securelufacom,hr_status_change_requirement_settings
securelufacom,hr_tags
securelufacom,hr_tasks
securelufacom,hr_temp_form_settings
securelufacom,hr_user_tags
securelufacom,hr_visibilities
securelufacom,identification_verification
securelufacom,institution_event_requests
securelufacom,interactive_questions_answers
securelufacom,interactive_questions_answersLang
securelufacom,interactive_questions_answers_params
securelufacom,inventory
securelufacom,inventory_activity
securelufacom,inventory_activity_images
securelufacom,inventory_activity_types
securelufacom,inventory_activity_typesLang
securelufacom,inventory_association
securelufacom,inventory_check_action_clean
securelufacom,inventory_check_action_discount
securelufacom,inventory_check_action_expiration
securelufacom,inventory_check_action_lotportioned
securelufacom,inventory_check_action_recount
securelufacom,inventory_check_action_relocate
securelufacom,inventory_check_comments
securelufacom,inventory_discount
securelufacom,inventory_snapshots
securelufacom,inventory_status
securelufacom,inventory_uptodate_flags
securelufacom,issuegp
securelufacom,links
securelufacom,load_basket_route_info
securelufacom,location_header
securelufacom,location_type
securelufacom,lock_comments
securelufacom,lock_reasons
securelufacom,lufa_event
securelufacom,manual_hours
securelufacom,marketing_campaign_referrals
securelufacom,marketing_custom_urls
securelufacom,marketing_user_notes
securelufacom,marketplace_closed_dates
securelufacom,marketplace_families
securelufacom,marketplace_families_lang
securelufacom,marketplace_family_category
securelufacom,marketplace_family_product
securelufacom,marketplace_family_sorted_products
securelufacom,marketplace_family_subcategory
securelufacom,marketplace_family_supplier
securelufacom,marketplace_feedback
securelufacom,marketplace_filter_log
securelufacom,marketplace_gifts_settings
securelufacom,marketplace_message
securelufacom,marketplace_messageLang
securelufacom,marketplace_product_tag
securelufacom,marketplace_promotion
securelufacom,marketplace_promotion_content
securelufacom,marketplace_without_second_harvest
securelufacom,marketplaces_capacity
securelufacom,memcached
securelufacom,menu
securelufacom,menuLang
securelufacom,menu_items
securelufacom,menu_itemsLang
securelufacom,message_bar
securelufacom,message_barLang
securelufacom,message_bar_roles
securelufacom,message_bar_urls
securelufacom,migrations
securelufacom,mkt_content
securelufacom,mkt_contentLang
securelufacom,model_classes
securelufacom,model_fields
securelufacom,model_fields_subcategories
securelufacom,mp_in_meal_members
securelufacom,mp_in_meals
securelufacom,mp_in_members
securelufacom,mp_logs
securelufacom,mp_meal_plans
securelufacom,mp_meal_plans_details
securelufacom,multiplier_comments
securelufacom,multiplier_reasons
securelufacom,newsletter_confirmation_link
securelufacom,newslettercorpo
securelufacom,notification_messages
securelufacom,notification_messages_lang
securelufacom,notification_settings
securelufacom,oncall_calendar
securelufacom,op_records
securelufacom,options
securelufacom,options_lang
securelufacom,order_details
securelufacom,order_details_prepopulated
securelufacom,order_details_prod_rec
securelufacom,order_gift_receivers
securelufacom,order_prod_rec
securelufacom,orders
securelufacom,orders_auto_canceled_at_midnight
securelufacom,orders_cancelation_comments
securelufacom,orders_ignore_payment
securelufacom,orders_prepopulated_logs
securelufacom,orders_prepopulated_product_exception
securelufacom,packing_location
securelufacom,packing_order
securelufacom,packing_stats
securelufacom,page
securelufacom,pageLang
securelufacom,pallet_assignments
securelufacom,pap_handling_instructions
securelufacom,pay_periods
securelufacom,payment_logging
securelufacom,permission_log
securelufacom,permission_log_departments
securelufacom,permission_log_role_permissions
securelufacom,permission_log_roles
securelufacom,permission_log_user_roles
securelufacom,phone_verification_code
securelufacom,photo_reject_messages
securelufacom,pick_activities
securelufacom,plans
securelufacom,po_account_codes
securelufacom,po_approval_routings
securelufacom,po_audit_logs
securelufacom,po_catalog
securelufacom,po_catalog_item_tags
securelufacom,po_catalog_item_types
securelufacom,po_catalog_tags
securelufacom,po_catalog_unit_types
securelufacom,po_countries
securelufacom,po_currencies
securelufacom,po_dashboard_link_id
securelufacom,po_dashboard_link_users
securelufacom,po_dashboard_links
securelufacom,po_department_employees
securelufacom,po_departments
securelufacom,po_document_types
securelufacom,po_documents
securelufacom,po_email_flows
securelufacom,po_exchange_rates
securelufacom,po_expense_reason_codes
securelufacom,po_invoices
securelufacom,po_item_receivers
securelufacom,po_links
securelufacom,po_locations
securelufacom,po_message_mentions
securelufacom,po_message_users
securelufacom,po_messages
securelufacom,po_notifications
securelufacom,po_notifications_documents
securelufacom,po_notifications_users
securelufacom,po_payment_options
securelufacom,po_procurements
securelufacom,po_report_issues
securelufacom,po_request_approvers
securelufacom,po_request_item_approvers
securelufacom,po_request_item_comments
securelufacom,po_request_items
securelufacom,po_requests
securelufacom,po_rfe_items
securelufacom,po_rfo_details
securelufacom,po_rfo_recurring_dates
securelufacom,po_rfo_recurrings
securelufacom,po_security_questions
securelufacom,po_supplier_comments
securelufacom,po_supplier_contacts
securelufacom,po_supplier_taxes
securelufacom,po_suppliers
securelufacom,po_taxes
securelufacom,portioning_packaging
securelufacom,portioning_packaging_lang
securelufacom,portioning_speed_group
securelufacom,portioning_speed_group_lang
securelufacom,portioning_workstation
securelufacom,portioning_workstation_activity
securelufacom,predicted_sales_forecast
securelufacom,prepbasket_buffer
securelufacom,prepbasket_buffer_issue_202410281248
securelufacom,price_scraper_data
securelufacom,price_scraper_list
securelufacom,printers
securelufacom,processes
securelufacom,productCategoriesLang
securelufacom,productSubCategories
securelufacom,productSubCategoriesLang
securelufacom,productSubSubCategories
securelufacom,productSubSubCategoriesLang
securelufacom,product_attributes
securelufacom,product_attributes_lang
securelufacom,product_availability_stats
securelufacom,product_categories
securelufacom,product_delivery_days
securelufacom,product_discount_reasons
securelufacom,product_discount_reasonsLang
securelufacom,product_group_relations
securelufacom,product_icons
securelufacom,product_iconsLang
securelufacom,product_icons_rel
securelufacom,product_images
securelufacom,product_ingredients
securelufacom,product_ingredientsLang
securelufacom,product_ingredients_rel
securelufacom,product_lot_expire_stats
securelufacom,product_refunds
securelufacom,product_sales
securelufacom,product_stats
securelufacom,product_tags
securelufacom,product_tagsLang
securelufacom,product_tags_rel
securelufacom,product_user_ratings
securelufacom,products
securelufacom,productsLang
securelufacom,products_inventory
securelufacom,products_inventory_scheduled_price_changes
securelufacom,products_nutritional_values
securelufacom,products_nutritional_values_generated_by_ai
securelufacom,promo_users_log
securelufacom,prompt_banner_log
securelufacom,pup_kit_requests
securelufacom,pup_schedule_changes
securelufacom,pup_snapshots
securelufacom,purchase_order_documents
securelufacom,purchase_order_items
securelufacom,purchase_orders
securelufacom,purchasing_automation_delivery_schedule
securelufacom,purchasing_automation_sfids
securelufacom,pusher_apps
securelufacom,put_away_history
securelufacom,putaway_zone
securelufacom,question_categories
securelufacom,questions
securelufacom,questions_lang
securelufacom,r_and_d_log
securelufacom,ratelimit_logs
securelufacom,rating_feedback_type
securelufacom,ratings
securelufacom,raw_survey_answer
securelufacom,recipeIngredients
securelufacom,recipeIngredientsNotIncluded
securelufacom,recipeOrders
securelufacom,recipe_availability_stats
securelufacom,recipe_user_ratings
securelufacom,recipes
securelufacom,recipesLang
securelufacom,referral_program_logs
securelufacom,regions
securelufacom,relays
securelufacom,replenishment_history
securelufacom,reports_log
securelufacom,request_comments
securelufacom,requested_changes
securelufacom,response_options
securelufacom,rights
securelufacom,roles
securelufacom,roles_lang
securelufacom,root_employee_role_request
securelufacom,root_message
securelufacom,root_resources
securelufacom,root_scheduling
securelufacom,route_details
securelufacom,routes
securelufacom,routing_jobs
securelufacom,routing_simulation_routes
securelufacom,routing_simulation_stops
securelufacom,routing_simulations
securelufacom,rpc_group_activity
securelufacom,rpc_invoices
securelufacom,rpc_invoices_detail
securelufacom,rpc_pallet_quantity
securelufacom,rpc_request_orders
securelufacom,rpc_shipment_request
securelufacom,rpc_suppliers_settings
securelufacom,sales_forecast
securelufacom,sales_stats_aggregated
securelufacom,saved_query
securelufacom,scheduled_event_coordinators
securelufacom,scheduled_event_drafts
securelufacom,scheduled_events
securelufacom,scheduled_events_lang
securelufacom,scheduled_product_price_change
securelufacom,scheduled_sfid_logs
securelufacom,scheduled_sfids
securelufacom,sfid_challenges
securelufacom,sfid_quantity_change_log
securelufacom,sfid_scheduled_price_changes
securelufacom,signup_contents
securelufacom,skill_types
securelufacom,sku_dedctn_type
securelufacom,slot_type
securelufacom,slow_routing_day
securelufacom,sms_tickets
securelufacom,spamtrap
securelufacom,split_route_reasons
securelufacom,sqlmapfile
securelufacom,stat_holiday
securelufacom,states
securelufacom,stats_page_requested
securelufacom,storage_units
securelufacom,stories
securelufacom,submissions_logs
securelufacom,submissions_steps
securelufacom,subscribers_ltv_logs_2013
securelufacom,subscribers_ltv_logs_2014
securelufacom,subscribers_ltv_logs_2015
securelufacom,subscribers_ltv_logs_2016
securelufacom,subscribers_ltv_logs_2017
securelufacom,subscribers_ltv_logs_2018
securelufacom,subscribers_ltv_logs_2019
securelufacom,subscribers_ltv_logs_2020
securelufacom,subscribers_ltv_logs_2021
securelufacom,subscribers_ltv_logs_2022
securelufacom,subscribers_ltv_logs_2023
securelufacom,subscribers_ltv_logs_2024
securelufacom,subscribers_ltv_logs_2025
securelufacom,subscription_snapshot
securelufacom,subscription_state_changes
securelufacom,subscriptions
securelufacom,subscriptions_audit_per_day
securelufacom,subscriptions_changes
securelufacom,subscriptions_logs
securelufacom,subsubcategory_availability_stats
securelufacom,summer_contest_free_participant
securelufacom,summer_contest_opt_in
securelufacom,summer_contest_winners
securelufacom,supervores_capacity
securelufacom,supervores_incentive_log
securelufacom,supplier_additional_warehouses
securelufacom,supplier_certifications
securelufacom,supplier_certifications_rl
securelufacom,supplier_confirmation_and_shipping_dates
securelufacom,supplier_confirmation_and_shipping_dates_patterns
securelufacom,supplier_contacts
securelufacom,supplier_delivery_days
securelufacom,supplier_documents
securelufacom,supplier_forecast_order_reception_errors
securelufacom,supplier_forecast_orders
securelufacom,supplier_forecast_orders_files
securelufacom,supplier_forecast_orders_images
securelufacom,supplier_images
securelufacom,supplier_invoices
securelufacom,supplier_notifications
securelufacom,supplier_notifications_logs
securelufacom,supplier_pallet_per_delivery
securelufacom,supplier_propositions
securelufacom,supplier_users
securelufacom,supplier_vacations
securelufacom,suppliers
securelufacom,suppliersLang
securelufacom,suppliers_certifications
securelufacom,suppliers_rpc
securelufacom,suppliers_shipment_comments
securelufacom,support_issue_comments
securelufacom,support_issue_types
securelufacom,support_issue_typesLang
securelufacom,support_issues
securelufacom,survey
securelufacom,survey_answers
securelufacom,survey_categories
securelufacom,survey_categoriesLang
securelufacom,survey_question_categories
securelufacom,survey_questions
securelufacom,survey_questionsLang
securelufacom,survey_responses
securelufacom,table_path
securelufacom,task
securelufacom,task_comment
securelufacom,task_condensing_lots
securelufacom,task_details
securelufacom,task_group
securelufacom,task_header
securelufacom,task_help_log
securelufacom,task_logging
securelufacom,task_parent_child
securelufacom,task_speed_week
securelufacom,task_stats
securelufacom,task_type
securelufacom,task_type_cleaning
securelufacom,task_type_condensing
securelufacom,task_type_defaults
securelufacom,task_type_general_dc
securelufacom,task_type_inventory_adjustment
securelufacom,task_type_inventorycheck
securelufacom,task_type_inventorycheck_lot_verification
securelufacom,task_type_it
securelufacom,task_type_label_printing
securelufacom,task_type_loadbasket
securelufacom,task_type_portioning
securelufacom,task_type_portioning_location_details
securelufacom,task_type_prepbasket
securelufacom,task_type_prepbasket_weight
securelufacom,task_type_prepbaskethelper
securelufacom,task_type_prepcart
securelufacom,task_type_quality_portioning
securelufacom,task_type_qualitycheck
securelufacom,task_type_qualitycheck_issue
securelufacom,task_type_qualitycheck_weight
securelufacom,task_type_reception
securelufacom,task_type_role
securelufacom,task_type_role_employee_priority
securelufacom,task_type_spot_check
securelufacom,task_type_spot_check_lots
securelufacom,task_type_vehiclearrival
securelufacom,task_user_group
securelufacom,tax_receipts
securelufacom,tbl_migration
securelufacom,team_leaders
securelufacom,team_members
securelufacom,temp_departments
securelufacom,temp_departments_lang
securelufacom,temp_employee_access_code
securelufacom,temp_employees
securelufacom,temporary_customizable_base_basket_table_helper
securelufacom,ticketActionEmailTemplate
securelufacom,ticketActions
securelufacom,ticketActionsTaken
securelufacom,ticketReasonActions
securelufacom,ticketReasons
securelufacom,tickets
securelufacom,tier_questions
securelufacom,tiers
securelufacom,timelog_error_status
securelufacom,timelog_punch_type
securelufacom,timelog_report_lock
securelufacom,timelog_settings
securelufacom,timelog_timecard_check_in
securelufacom,timelog_transactions
securelufacom,tote_formats
securelufacom,training_stats_prepbasket
securelufacom,transaction_names
securelufacom,transactions
securelufacom,transactions_sfids
securelufacom,transfer_log
securelufacom,trial_basket_daily_records
securelufacom,trial_logs
securelufacom,uncompletable_logs
securelufacom,uncustomized_cancel_dates
securelufacom,user_agents
securelufacom,user_billing
securelufacom,user_charitable_amount
securelufacom,user_comments
securelufacom,user_comms
securelufacom,user_coupons
securelufacom,user_coupons_pending
securelufacom,user_home_deliveries
securelufacom,user_interaction_histories
securelufacom,user_ips
securelufacom,user_metrics
securelufacom,user_notes
securelufacom,user_notification_message_queue
securelufacom,user_payments
securelufacom,user_report_subscriptions
securelufacom,user_roles
securelufacom,user_session
securelufacom,user_settings
securelufacom,user_teams
securelufacom,user_tokens
securelufacom,user_utm_referral
securelufacom,user_validation_ip_logs
securelufacom,user_waitlist_activation_link
securelufacom,users
securelufacom,usersLang
securelufacom,users_excluded_from_reduced_prices_test
securelufacom,users_for_reduced_prices_test
securelufacom,vacations
securelufacom,vehicle_capacities
securelufacom,vehicle_skills
securelufacom,vehicle_time_windows
securelufacom,video_watched
securelufacom,violation_types
securelufacom,violations
securelufacom,vsl_pup_record
securelufacom,walkthrough_log
securelufacom,warehouse_path
securelufacom,warehouses
securelufacom,ww_depots
securelufacom,ww_drivers
securelufacom,ww_order_comments
securelufacom,ww_orders
securelufacom,ww_routes
securelufacom,ww_steps
securelufacom,ww_territories
securelufacom,ww_vehicles
securelufacom,yearly_giveback_log_gift
securelufacom,yiiconsole_exec_logs
securelufacom,zawtar_hd_drivers
securelufacom,zipcode_droppoint_log
securelufacom,zipcode_region
securelufacom,zipcodes
securelufacom,zzz_20240521_user_id
securelufacom,zzz_waitlist_bump_users
